INSERT INTO EMPLEADO (DNI, NOMBRE, APELLIDO) VALUES (1001, 'Juan', 'Gómez');
INSERT INTO EMPLEADO (DNI, NOMBRE, APELLIDO) VALUES (1002, 'María', 'Martínez');
INSERT INTO EMPLEADO (DNI, NOMBRE, APELLIDO) VALUES (1003, 'Carlos', 'López');
INSERT INTO EMPLEADO (DNI, NOMBRE, APELLIDO) VALUES (1004, 'Laura', 'García');
INSERT INTO EMPLEADO (DNI, NOMBRE, APELLIDO) VALUES (1005, 'Fernando', 'Díaz');

INSERT INTO ANALISTA (DNI) VALUES (1001);
INSERT INTO ANALISTA (DNI) VALUES (1002);
INSERT INTO ANALISTA (DNI) VALUES (1003);

INSERT INTO LENGUAJE (ID_LENGUAJE, NOMBRE) VALUES (1, 'Java');
INSERT INTO LENGUAJE (ID_LENGUAJE, NOMBRE) VALUES (2, 'Python');
INSERT INTO LENGUAJE (ID_LENGUAJE, NOMBRE) VALUES (3, 'C#');

INSERT INTO GERENCIA (ID_GERENCIA, NOMBRE) VALUES (1, 'Desarrollo');
INSERT INTO GERENCIA (ID_GERENCIA, NOMBRE) VALUES (2, 'Calidad');
INSERT INTO GERENCIA (ID_GERENCIA, NOMBRE) VALUES (3, 'Proyectos');
INSERT INTO GERENCIA (ID_GERENCIA, NOMBRE) VALUES (4, 'Marketing');

INSERT INTO PROGRAMADOR (DNI) VALUES (1001);
INSERT INTO PROGRAMADOR (DNI) VALUES (1002);
INSERT INTO PROGRAMADOR (DNI) VALUES (1003);
INSERT INTO PROGRAMADOR (DNI) VALUES (1004);
INSERT INTO PROGRAMADOR (DNI) VALUES (1005);

INSERT INTO PROYECTO (ID_PROYECTO, NOMBRE, PRESUPUESTO, ID_GERENCIA) VALUES (1, 'Proyecto A', 50000.00, 1);
INSERT INTO PROYECTO (ID_PROYECTO, NOMBRE, PRESUPUESTO, ID_GERENCIA) VALUES (2, 'Proyecto B', 75000.00, 2);
INSERT INTO PROYECTO (ID_PROYECTO, NOMBRE, PRESUPUESTO, ID_GERENCIA) VALUES (3, 'Proyecto C', 100000.00, 3);
INSERT INTO PROYECTO (ID_PROYECTO, NOMBRE, PRESUPUESTO, ID_GERENCIA) VALUES (4, 'Campaña Publicitaria', 120000.00, 4);
INSERT INTO PROYECTO (ID_PROYECTO, NOMBRE, PRESUPUESTO, ID_GERENCIA) VALUES (5, 'Redes Sociales', 90000.00, 4);

INSERT INTO CONOCE (DNI, ID_LENGUAJE, NIVEL) VALUES (1001, 1, 2);
INSERT INTO CONOCE (DNI, ID_LENGUAJE, NIVEL) VALUES (1002, 2, 3);
INSERT INTO CONOCE (DNI, ID_LENGUAJE, NIVEL) VALUES (1003, 3, 1);
INSERT INTO CONOCE (DNI, ID_LENGUAJE, NIVEL) VALUES (1004, 1, 2);
INSERT INTO CONOCE (DNI, ID_LENGUAJE, NIVEL) VALUES (1005, 2, 3);

INSERT INTO TRABAJA (DNI, ID_PROYECTO, HORAS_SEMANALES) VALUES (1001, 1, 20);
INSERT INTO TRABAJA (DNI, ID_PROYECTO, HORAS_SEMANALES) VALUES (1002, 2, 30);
INSERT INTO TRABAJA (DNI, ID_PROYECTO, HORAS_SEMANALES) VALUES (1003, 3, 25);
INSERT INTO TRABAJA (DNI, ID_PROYECTO, HORAS_SEMANALES) VALUES (1004, 4, 25);
INSERT INTO TRABAJA (DNI, ID_PROYECTO, HORAS_SEMANALES) VALUES (1005, 5, 20);

SELECT SUM(P.PRESUPUESTO)
FROM PROYECTO P
INNER JOIN GERENCIA G ON P.ID_GERENCIA = G.ID_GERENCIA
WHERE G.NOMBRE = 'Marketing'

