INSERT INTO CLIENTE (DNI, EMAIL, NOMBRE, APELLIDO, TELEFONO) VALUES
(1, 'cliente1@example.com', 'Juan', 'Perez', 123456789);

INSERT INTO CLIENTE (DNI, EMAIL, NOMBRE, APELLIDO, TELEFONO) VALUES
(2, 'cliente2@example.com', 'Maria', 'Gomez', 987654321);

INSERT INTO CLIENTE (DNI, EMAIL, NOMBRE, APELLIDO, TELEFONO) VALUES
(3, 'cliente3@example.com', 'Carlos', 'Lopez', 555555555);

INSERT INTO AUTOMOVIL (PATENTE, ANIO) VALUES
('ABC123', 2019);

INSERT INTO AUTOMOVIL (PATENTE, ANIO) VALUES
('XYZ789', 2020);

INSERT INTO AUTOMOVIL (PATENTE, ANIO) VALUES
('123456', 2018);

INSERT INTO COBERTURA (CODIGO, DESCRIPCION) VALUES
(1, 'Cobertura Básica');

INSERT INTO COBERTURA (CODIGO, DESCRIPCION) VALUES
(2, 'Cobertura Ampliada');

INSERT INTO COBERTURA (CODIGO, DESCRIPCION) VALUES
(3, 'Cobertura Premium');

INSERT INTO POLIZA (NRO_POL, FECHA_DESDE, AL_DIA, FECHA_HASTA, DNI, PATENTE) VALUES
(101, '2023-01-01', TRUE, '2023-12-31', 1, 'ABC123');

INSERT INTO POLIZA (NRO_POL, FECHA_DESDE, AL_DIA, FECHA_HASTA, DNI, PATENTE) VALUES
(102, '2023-02-01', TRUE, '2023-12-31', 2, 'XYZ789');

INSERT INTO POLIZA (NRO_POL, FECHA_DESDE, AL_DIA, FECHA_HASTA, DNI, PATENTE) VALUES
(103, '2023-03-01', TRUE, '2023-12-31', 3, '123456');

INSERT INTO ACCIDENTE (NRO_ACC, FECHA_OCURRENCIA, LUGAR, FAVORABLE, MONTO, NRO_POL, DESCRIPCION) VALUES
(201, '2023-05-15', 'Intersección A', FALSE, 1000, 101, 'Colisión');

INSERT INTO ACCIDENTE (NRO_ACC, FECHA_OCURRENCIA, LUGAR, FAVORABLE, MONTO, NRO_POL, DESCRIPCION) VALUES
(202, '2023-06-20', 'Calle Principal', TRUE, 0, 102, 'Sin Incidentes');

INSERT INTO PAGO (NRO_PAGO, FECHA_PAGO, FECHA_VEN, MONTO, NRO_POL) VALUES
(301, '2023-06-01', '2023-06-30', 500, 101);

INSERT INTO PAGO (NRO_PAGO, FECHA_PAGO, FECHA_VEN, MONTO, NRO_POL) VALUES
(302, '2023-07-15', '2023-07-31', 700, 102);

SELECT C.*
FROM CLIENTE C
INNER JOIN POLIZA P ON P.DNI = C.DNI
LEFT OUTER JOIN ACCIDENTE A ON A.NRO_POL = P.NRO_POL
WHERE A.NRO_POL IS NULL;
