INSERT INTO MEDICO (MATRICULA, NOMBRE, APELLIDO) VALUES (101, 'Juan', 'González');
INSERT INTO MEDICO (MATRICULA, NOMBRE, APELLIDO) VALUES (102, 'María', 'Rodríguez');
INSERT INTO MEDICO (MATRICULA, NOMBRE, APELLIDO) VALUES (103, 'Carlos', 'López');

INSERT INTO PACIENTE (DNI, NOMBRE, APELLIDO) VALUES (1001, 'Luis', 'Martínez');
INSERT INTO PACIENTE (DNI, NOMBRE, APELLIDO) VALUES (1002, 'Ana', 'Sánchez');
INSERT INTO PACIENTE (DNI, NOMBRE, APELLIDO) VALUES (1003, 'Roberto', 'Díaz');

INSERT INTO OBRASOCIAL (ID_O, NOMBRE) VALUES (501, 'OSDE');
INSERT INTO OBRASOCIAL (ID_O, NOMBRE) VALUES (502, 'Swiss Medical');
INSERT INTO OBRASOCIAL (ID_O, NOMBRE) VALUES (503, 'Galeno');

INSERT INTO PRACTICA (ID_P, DESCRIPCION, PRECIO) VALUES (10001, 'Análisis de sangre', 50.00);
INSERT INTO PRACTICA (ID_P, DESCRIPCION, PRECIO) VALUES (10002, 'Radiografía de tórax', 80.00);
INSERT INTO PRACTICA (ID_P, DESCRIPCION, PRECIO) VALUES (10003, 'Ecografía abdominal', 120.00);

INSERT INTO CONSULTA (ID_C, INDICACIONES, DIAGNOSTICO, FECHA, IMPORTE, DNI, MATRICULA, ID_O) 
VALUES (1001, 'Dolor de cabeza', 'Migraña', '2023-11-24', 150.00, 1001, 101, 501);

INSERT INTO CONSULTA (ID_C, INDICACIONES, DIAGNOSTICO, FECHA, IMPORTE, DNI, MATRICULA, ID_O) 
VALUES (1002, 'Dolor de estómago', 'Gastritis', '2023-11-25', 120.00, 1002, 102, 502);

INSERT INTO CONSULTA (ID_C, INDICACIONES, DIAGNOSTICO, FECHA, IMPORTE, DNI, MATRICULA, ID_O) 
VALUES (1003, 'Control rutinario', 'Saludable', '2023-11-26', 90.00, 1003, 103, 503);

INSERT INTO SOLICITA (ID_C, ID_P, PRECIO, RESULTADO, IMPORTE, ID_O) 
VALUES (1001, 10001, 50.00, 'Normal', 50.00, 501);

INSERT INTO SOLICITA (ID_C, ID_P, PRECIO, RESULTADO, IMPORTE, ID_O) 
VALUES (1002, 10002, 80.00, 'Sin novedades', 80.00, 502);

INSERT INTO SOLICITA (ID_C, ID_P, PRECIO, RESULTADO, IMPORTE, ID_O) 
VALUES (1003, 10003, 120.00, 'Todo en orden', 120.00, 503);

INSERT INTO MEDICO (MATRICULA, NOMBRE, APELLIDO) VALUES (104, 'Dr. Cureta', 'Gómez');
INSERT INTO MEDICO (MATRICULA, NOMBRE, APELLIDO) VALUES (105, 'Laura', 'Méndez');

INSERT INTO CONSULTA (ID_C, INDICACIONES, DIAGNOSTICO, FECHA, IMPORTE, DNI, MATRICULA, ID_O) 
VALUES (1005, 'Examen físico', 'Saludable', '2023-11-27', 80.00, 1003, 104, 501);

INSERT INTO CONSULTA (ID_C, INDICACIONES, DIAGNOSTICO, FECHA, IMPORTE, DNI, MATRICULA, ID_O) 
VALUES (1006, 'Control anual', 'Todo en orden', '2023-11-28', 100.00, 1002, 105, 502);

INSERT INTO SOLICITA (ID_C, ID_P, PRECIO, RESULTADO, IMPORTE, ID_O) 
VALUES (1004, 10002, 60.00, 'Normal', 60.00, 501);

INSERT INTO SOLICITA (ID_C, ID_P, PRECIO, RESULTADO, IMPORTE, ID_O) 
VALUES (1005, 10003, 90.00, 'Sin novedades', 90.00, 502);

SELECT *
FROM PRACTICA P
WHERE P.ID_P NOT IN (
    SELECT PR.ID_P
    FROM PRACTICA PR
    INNER JOIN SOLICITA S ON S.ID_P = PR.ID_P
    INNER JOIN CONSULTA C ON C.ID_C = S.ID_C
    INNER JOIN MEDICO M ON M.MATRICULA = C.MATRICULA
    WHERE M.APELLIDO = 'Cureta'
)



